Year,Company,Region,Service_Type,Revenue,Operating_Cost,Profit,Subscribers_Millions,Churn_Rate,Monthly_ARPU,Annual_ARPU,EBITDA_Margin_%
2016,Telecom_A,North,Prepaid,464.54,327.9,136.64,2.205,8.29,17.56,210.68,29.41
2016,Telecom_A,North,Postpaid,653.46,396.63,256.83,1.804,1.81,30.18,362.21,39.3
2016,Telecom_A,South,Prepaid,343.09,220.35,122.74,1.984,8.19,14.41,172.92,35.77
2016,Telecom_A,South,Postpaid,809.96,506.61,303.35,1.623,3.16,41.58,498.94,37.45
2016,Telecom_A,East,Prepaid,217.1,151.48,65.63,1.699,6.37,10.65,127.81,30.23
2016,Telecom_A,East,Postpaid,567.84,382.39,185.44,1.39,2.08,34.05,408.57,32.66
2016,Telecom_A,West,Prepaid,278.93,192.51,86.42,1.999,6.65,11.63,139.55,30.98
2016,Telecom_A,West,Postpaid,765.19,506.33,258.86,1.635,1.9,38.99,467.91,33.83
2017,Telecom_A,North,Prepaid,397.03,256.94,140.09,2.287,5.77,14.47,173.61,35.28
2017,Telecom_A,North,Postpaid,926.95,646.09,280.86,1.871,3.43,41.28,495.41,30.3
2017,Telecom_A,South,Prepaid,238.66,164.3,74.36,2.013,8.08,9.88,118.55,31.16
2017,Telecom_A,South,Postpaid,587.21,354.75,232.46,1.647,2.49,29.71,356.5,39.59
2017,Telecom_A,East,Prepaid,266.35,179.6,86.75,1.959,7.98,11.33,135.95,32.57
2017,Telecom_A,East,Postpaid,678.66,422.25,256.41,1.603,2.59,35.28,423.37,37.78
2017,Telecom_A,West,Prepaid,446.47,329.69,116.78,2.329,9.23,15.98,191.71,26.16
2017,Telecom_A,West,Postpaid,831.62,507.8,323.82,1.905,3.34,36.37,436.45,38.94
2018,Telecom_A,North,Prepaid,347.21,232.58,114.63,2.426,6.75,11.93,143.14,33.02
2018,Telecom_A,North,Postpaid,943.19,597.71,345.48,1.985,2.21,39.6,475.23,36.63
2018,Telecom_A,South,Prepaid,269.55,174.73,94.83,2.188,8.61,10.27,123.22,35.18
2018,Telecom_A,South,Postpaid,898.14,560.3,337.84,1.79,3.04,41.82,501.8,37.62
2018,Telecom_A,East,Prepaid,372.15,268.02,104.13,1.898,8.18,16.34,196.07,27.98
2018,Telecom_A,East,Postpaid,723.0,464.9,258.1,1.553,1.65,38.8,465.57,35.7
2018,Telecom_A,West,Prepaid,456.59,308.84,147.75,2.269,7.8,16.77,201.22,32.36
2018,Telecom_A,West,Postpaid,643.64,411.3,232.34,1.857,2.12,28.89,346.68,36.1
2019,Telecom_A,North,Prepaid,565.47,369.34,196.13,2.774,7.12,16.98,203.82,34.68
2019,Telecom_A,North,Postpaid,1034.7,690.51,344.19,2.27,3.02,37.99,455.83,33.26
2019,Telecom_A,South,Prepaid,388.7,267.05,121.65,2.409,7.35,13.44,161.33,31.3
2019,Telecom_A,South,Postpaid,670.77,404.99,265.78,1.971,1.72,28.36,340.27,39.62
2019,Telecom_A,East,Prepaid,309.4,228.9,80.5,2.18,7.29,11.83,141.95,26.02
2019,Telecom_A,East,Postpaid,673.89,465.43,208.46,1.783,2.32,31.49,377.88,30.93
2019,Telecom_A,West,Prepaid,287.57,189.14,98.42,2.472,6.3,9.69,116.31,34.23
2019,Telecom_A,West,Postpaid,995.61,673.04,322.57,2.023,3.12,41.02,492.19,32.4
2020,Telecom_A,North,Prepaid,390.68,273.22,117.47,3.049,9.02,10.68,128.15,30.07
2020,Telecom_A,North,Postpaid,1176.46,750.77,425.69,2.494,3.29,39.3,471.65,36.18
2020,Telecom_A,South,Prepaid,323.22,235.94,87.27,2.437,6.92,11.05,132.62,27.0
2020,Telecom_A,South,Postpaid,958.37,633.76,324.61,1.994,1.51,40.05,480.6,33.87
2020,Telecom_A,East,Prepaid,304.31,206.06,98.25,2.306,5.54,11.0,131.99,32.29
2020,Telecom_A,East,Postpaid,932.64,617.65,315.0,1.886,2.15,41.2,494.41,33.77
2020,Telecom_A,West,Prepaid,412.84,307.92,104.92,2.803,9.37,12.27,147.27,25.41
2020,Telecom_A,West,Postpaid,867.65,551.92,315.73,2.294,2.49,31.52,378.3,36.39
2021,Telecom_A,North,Prepaid,521.69,336.83,184.85,3.001,7.26,14.49,173.83,35.43
2021,Telecom_A,North,Postpaid,939.97,591.01,348.97,2.455,3.32,31.9,382.81,37.13
2021,Telecom_A,South,Prepaid,418.48,278.97,139.51,2.601,9.44,13.41,160.86,33.34
2021,Telecom_A,South,Postpaid,955.52,600.56,354.96,2.128,3.02,37.41,448.92,37.15
2021,Telecom_A,East,Prepaid,373.58,265.12,108.45,2.529,7.85,12.31,147.72,29.03
2021,Telecom_A,East,Postpaid,881.47,617.24,264.23,2.069,1.68,35.5,426.01,29.98
2021,Telecom_A,West,Prepaid,367.73,259.25,108.48,2.87,5.18,10.68,128.14,29.5
2021,Telecom_A,West,Postpaid,1056.17,698.6,357.56,2.348,1.53,37.49,449.83,33.85
2022,Telecom_A,North,Prepaid,429.93,293.45,136.49,3.39,8.11,10.57,126.83,31.75
2022,Telecom_A,North,Postpaid,1368.35,877.01,491.33,2.773,1.78,41.11,493.37,35.91
2022,Telecom_A,South,Prepaid,572.31,382.52,189.79,2.753,8.95,17.32,207.87,33.16
2022,Telecom_A,South,Postpaid,1006.66,671.07,335.6,2.253,3.13,37.24,446.88,33.34
2022,Telecom_A,East,Prepaid,353.15,260.87,92.28,2.633,5.42,11.18,134.12,26.13
2022,Telecom_A,East,Postpaid,1049.74,672.55,377.19,2.154,2.77,40.61,487.27,35.93
2022,Telecom_A,West,Prepaid,569.62,420.14,149.48,3.056,9.04,15.53,186.4,26.24
2022,Telecom_A,West,Postpaid,1167.65,712.38,455.27,2.5,2.78,38.92,467.02,38.99
2016,Telecom_B,North,Prepaid,648.99,416.01,232.98,3.165,7.73,17.09,205.04,35.9
2016,Telecom_B,North,Postpaid,601.7,361.39,240.32,1.704,2.83,29.42,353.05,39.94
2016,Telecom_B,South,Prepaid,453.74,322.94,130.81,2.713,8.11,13.94,167.26,28.83
2016,Telecom_B,South,Postpaid,545.84,343.04,202.79,1.461,2.92,31.14,373.68,37.15
2016,Telecom_B,East,Prepaid,477.03,349.86,127.17,2.529,7.92,15.72,188.62,26.66
2016,Telecom_B,East,Postpaid,608.02,371.64,236.37,1.362,2.64,37.21,446.48,38.88
2016,Telecom_B,West,Prepaid,410.17,306.41,103.76,3.002,6.1,11.39,136.64,25.3
2016,Telecom_B,West,Postpaid,649.83,439.11,210.72,1.616,3.28,33.5,402.04,32.43
2017,Telecom_B,North,Prepaid,593.7,392.72,200.98,3.486,7.22,14.19,170.31,33.85
2017,Telecom_B,North,Postpaid,858.54,517.63,340.91,1.877,2.06,38.11,457.37,39.71
2017,Telecom_B,South,Prepaid,385.29,287.02,98.28,3.031,9.23,10.59,127.13,25.51
2017,Telecom_B,South,Postpaid,799.15,480.97,318.18,1.632,2.24,40.81,489.7,39.81
2017,Telecom_B,East,Prepaid,440.46,328.58,111.88,2.856,9.35,12.85,154.24,25.4
2017,Telecom_B,East,Postpaid,737.0,476.26,260.74,1.538,2.09,39.94,479.31,35.38
2017,Telecom_B,West,Prepaid,476.44,334.1,142.34,3.35,5.76,11.85,142.23,29.88
2017,Telecom_B,West,Postpaid,889.75,594.72,295.03,1.804,2.89,41.11,493.27,33.16
2018,Telecom_B,North,Prepaid,790.18,550.77,239.41,3.677,5.63,17.91,214.93,30.3
2018,Telecom_B,North,Postpaid,956.97,654.22,302.74,1.98,2.98,40.28,483.4,31.64
2018,Telecom_B,South,Prepaid,466.69,340.23,126.46,3.179,6.32,12.24,146.83,27.1
2018,Telecom_B,South,Postpaid,808.01,573.36,234.66,1.712,3.23,39.34,472.1,29.04
2018,Telecom_B,East,Prepaid,463.64,329.88,133.76,2.859,8.59,13.51,162.16,28.85
2018,Telecom_B,East,Postpaid,698.83,493.93,204.9,1.54,3.09,37.83,453.93,29.32
2018,Telecom_B,West,Prepaid,493.29,347.09,146.21,3.32,5.42,12.38,148.56,29.64
2018,Telecom_B,West,Postpaid,611.54,406.74,204.79,1.788,2.43,28.5,342.04,33.49
2019,Telecom_B,North,Prepaid,428.03,312.67,115.36,3.846,5.17,9.27,111.29,26.95
2019,Telecom_B,North,Postpaid,821.14,544.14,277.0,2.071,1.75,33.04,396.51,33.73
2019,Telecom_B,South,Prepaid,440.55,286.09,154.46,3.355,7.8,10.94,131.31,35.06
2019,Telecom_B,South,Postpaid,622.7,414.02,208.68,1.807,2.56,28.72,344.68,33.51
2019,Telecom_B,East,Prepaid,565.93,394.33,171.59,3.036,9.39,15.53,186.42,30.32
2019,Telecom_B,East,Postpaid,637.94,403.49,234.44,1.635,3.09,32.52,390.26,36.75
2019,Telecom_B,West,Prepaid,409.7,305.59,104.11,3.518,5.11,9.71,116.47,25.41
2019,Telecom_B,West,Postpaid,902.41,585.73,316.68,1.894,2.89,39.7,476.44,35.09
2020,Telecom_B,North,Prepaid,519.41,373.25,146.16,3.847,7.47,11.25,135.03,28.14
2020,Telecom_B,North,Postpaid,925.71,661.49,264.21,2.071,2.06,37.24,446.91,28.54
2020,Telecom_B,South,Prepaid,586.83,402.66,184.17,3.496,7.75,13.99,167.87,31.38
2020,Telecom_B,South,Postpaid,710.81,491.12,219.68,1.882,2.21,31.47,377.62,30.91
2020,Telecom_B,East,Prepaid,358.96,231.34,127.62,2.978,5.21,10.04,120.54,35.55
2020,Telecom_B,East,Postpaid,769.24,505.32,263.93,1.604,2.91,39.98,479.72,34.31
2020,Telecom_B,West,Prepaid,571.94,376.94,195.0,3.55,7.13,13.42,161.09,34.09
2020,Telecom_B,West,Postpaid,781.67,526.77,254.9,1.912,2.3,34.07,408.89,32.61
2021,Telecom_B,North,Prepaid,597.85,415.71,182.14,4.027,7.82,12.37,148.46,30.47
2021,Telecom_B,North,Postpaid,1040.6,644.7,395.89,2.168,2.82,39.99,479.89,38.04
2021,Telecom_B,South,Prepaid,613.9,432.45,181.45,3.461,5.12,14.78,177.38,29.56
2021,Telecom_B,South,Postpaid,920.52,595.19,325.33,1.864,2.65,41.16,493.96,35.34
2021,Telecom_B,East,Prepaid,529.54,393.74,135.79,3.362,7.46,13.12,157.49,25.64
2021,Telecom_B,East,Postpaid,725.76,514.3,211.46,1.81,3.42,33.41,400.87,29.14
2021,Telecom_B,West,Prepaid,438.67,281.63,157.04,3.798,5.45,9.62,115.49,35.8
2021,Telecom_B,West,Postpaid,719.66,437.94,281.72,2.045,2.87,29.32,351.87,39.15
2022,Telecom_B,North,Prepaid,506.23,339.68,166.55,4.581,8.67,9.21,110.51,32.9
2022,Telecom_B,North,Postpaid,877.72,592.88,284.84,2.467,2.89,29.65,355.85,32.45
2022,Telecom_B,South,Prepaid,738.06,495.26,242.8,3.939,8.62,15.62,187.39,32.9
2022,Telecom_B,South,Postpaid,775.82,540.61,235.21,2.121,3.0,30.48,365.81,30.32
2022,Telecom_B,East,Prepaid,556.82,403.92,152.9,3.65,6.67,12.71,152.56,27.46
2022,Telecom_B,East,Postpaid,772.85,543.32,229.53,1.965,3.36,32.77,393.25,29.7
2022,Telecom_B,West,Prepaid,771.98,502.82,269.16,4.083,8.4,15.76,189.09,34.87
2022,Telecom_B,West,Postpaid,1071.94,749.48,322.47,2.198,2.51,40.64,487.63,30.08
2016,Telecom_C,North,Prepaid,472.83,303.17,169.65,2.31,6.75,17.06,204.72,35.88
2016,Telecom_C,North,Postpaid,483.16,308.41,174.75,0.99,1.68,40.68,488.1,36.17
2016,Telecom_C,South,Prepaid,443.82,314.89,128.93,2.107,7.58,17.56,210.67,29.05
2016,Telecom_C,South,Postpaid,371.39,237.48,133.91,0.903,2.09,34.28,411.34,36.06
2016,Telecom_C,East,Prepaid,355.78,258.6,97.18,1.88,8.56,15.77,189.26,27.31
2016,Telecom_C,East,Postpaid,283.05,171.78,111.26,0.806,2.49,29.28,351.32,39.31
2016,Telecom_C,West,Prepaid,341.7,231.88,109.82,2.195,8.99,12.97,155.69,32.14
2016,Telecom_C,West,Postpaid,334.55,231.3,103.25,0.941,1.79,29.64,355.67,30.86
2017,Telecom_C,North,Prepaid,287.81,186.5,101.31,2.458,8.15,9.76,117.08,35.2
2017,Telecom_C,North,Postpaid,499.43,304.53,194.9,1.053,2.91,39.51,474.07,39.02
2017,Telecom_C,South,Prepaid,451.3,307.23,144.07,2.103,6.68,17.88,214.56,31.92
2017,Telecom_C,South,Postpaid,425.98,305.99,119.99,0.901,3.39,39.38,472.55,28.17
2017,Telecom_C,East,Prepaid,306.58,222.42,84.16,2.063,5.38,12.39,148.64,27.45
2017,Telecom_C,East,Postpaid,379.94,269.29,110.65,0.884,2.35,35.82,429.81,29.12
2017,Telecom_C,West,Prepaid,368.34,254.73,113.61,2.285,5.05,13.43,161.2,30.84
2017,Telecom_C,West,Postpaid,338.3,207.75,130.55,0.979,1.74,28.79,345.46,38.59
2018,Telecom_C,North,Prepaid,488.72,332.94,155.79,2.858,9.33,14.25,171.0,31.88
2018,Telecom_C,North,Postpaid,470.34,294.82,175.52,1.225,3.24,32.0,384.0,37.32
2018,Telecom_C,South,Prepaid,273.46,176.31,97.15,2.502,9.36,9.11,109.31,35.53
2018,Telecom_C,South,Postpaid,520.74,374.49,146.25,1.072,2.56,40.48,485.71,28.08
2018,Telecom_C,East,Prepaid,352.12,245.61,106.5,2.098,9.36,13.98,167.82,30.25
2018,Telecom_C,East,Postpaid,397.23,260.0,137.22,0.899,2.89,36.81,441.74,34.55
2018,Telecom_C,West,Prepaid,448.84,289.5,159.34,2.623,9.06,14.26,171.11,35.5
2018,Telecom_C,West,Postpaid,430.8,304.5,126.3,1.124,3.4,31.93,383.2,29.32
2019,Telecom_C,North,Prepaid,422.02,291.62,130.4,3.059,5.85,11.5,137.96,30.9
2019,Telecom_C,North,Postpaid,518.33,315.83,202.5,1.311,2.67,32.95,395.36,39.07
2019,Telecom_C,South,Prepaid,582.14,406.9,175.24,2.714,8.14,17.88,214.51,30.1
2019,Telecom_C,South,Postpaid,451.27,307.84,143.43,1.163,3.13,32.33,388.0,31.78
2019,Telecom_C,East,Prepaid,473.62,352.6,121.02,2.295,8.7,17.2,206.38,25.55
2019,Telecom_C,East,Postpaid,450.37,292.83,157.55,0.984,2.73,38.16,457.92,34.98
2019,Telecom_C,West,Prepaid,590.15,379.41,210.74,2.928,5.2,16.79,201.53,35.71
2019,Telecom_C,West,Postpaid,501.04,359.99,141.06,1.255,3.12,33.27,399.25,28.15
2020,Telecom_C,North,Prepaid,488.95,358.22,130.73,3.279,9.36,12.43,149.14,26.74
2020,Telecom_C,North,Postpaid,670.0,435.35,234.65,1.405,2.44,39.74,476.84,35.02
2020,Telecom_C,South,Prepaid,310.42,226.43,83.99,2.721,8.89,9.51,114.09,27.06
2020,Telecom_C,South,Postpaid,587.66,391.76,195.89,1.166,3.49,42.0,503.95,33.33
2020,Telecom_C,East,Prepaid,550.42,367.24,183.18,2.621,8.82,17.5,210.03,33.28
2020,Telecom_C,East,Postpaid,462.38,330.36,132.02,1.123,1.76,34.31,411.69,28.55
2020,Telecom_C,West,Prepaid,404.45,286.35,118.1,3.048,8.02,11.06,132.69,29.2
2020,Telecom_C,West,Postpaid,517.51,352.21,165.3,1.306,1.73,33.01,396.17,31.94
2021,Telecom_C,North,Prepaid,594.66,416.68,177.98,3.622,8.83,13.68,164.18,29.93
2021,Telecom_C,North,Postpaid,667.86,433.05,234.81,1.552,3.25,35.85,430.24,35.16
2021,Telecom_C,South,Prepaid,323.51,229.12,94.39,2.912,8.4,9.26,111.11,29.18
2021,Telecom_C,South,Postpaid,566.89,349.41,217.48,1.248,1.93,37.86,454.29,38.36
2021,Telecom_C,East,Prepaid,384.49,262.66,121.83,2.636,7.65,12.16,145.86,31.69
2021,Telecom_C,East,Postpaid,462.6,296.89,165.71,1.13,3.31,34.12,409.5,35.82
2021,Telecom_C,West,Prepaid,631.6,447.44,184.16,3.279,6.78,16.05,192.63,29.16
2021,Telecom_C,West,Postpaid,675.72,417.35,258.36,1.405,3.4,40.07,480.88,38.24
2022,Telecom_C,North,Prepaid,525.6,393.04,132.55,3.868,7.07,11.32,135.89,25.22
2022,Telecom_C,North,Postpaid,694.15,469.25,224.9,1.658,2.16,34.9,418.76,32.4
2022,Telecom_C,South,Prepaid,375.5,245.61,129.89,3.232,5.58,9.68,116.19,34.59
2022,Telecom_C,South,Postpaid,500.7,338.93,161.77,1.385,1.78,30.13,361.52,32.31
2022,Telecom_C,East,Prepaid,427.95,296.2,131.75,2.945,9.04,12.11,145.33,30.79
2022,Telecom_C,East,Postpaid,565.56,352.38,213.17,1.262,1.84,37.35,448.15,37.69
2022,Telecom_C,West,Prepaid,432.94,285.51,147.43,3.429,6.25,10.52,126.24,34.05
2022,Telecom_C,West,Postpaid,515.73,337.95,177.77,1.47,1.74,29.24,350.9,34.47
