Year,Company,Forecasted_Revenue,Holdout_MAE,Holdout_MAPE_%
2023,Telecom_A,6528.39,347.14,5.46
2024,Telecom_A,6894.39,347.14,5.46
2025,Telecom_A,7260.39,347.14,5.46
2026,Telecom_A,7626.38,347.14,5.46
2027,Telecom_A,7992.38,347.14,5.46
2023,Telecom_B,6050.25,388.11,6.54
2024,Telecom_B,6256.54,388.11,6.54
2025,Telecom_B,6462.83,388.11,6.54
2026,Telecom_B,6669.11,388.11,6.54
2027,Telecom_B,6875.4,388.11,6.54
2023,Telecom_C,4545.26,288.46,7.13
2024,Telecom_C,4758.27,288.46,7.13
2025,Telecom_C,4971.28,288.46,7.13
2026,Telecom_C,5184.3,288.46,7.13
2027,Telecom_C,5397.31,288.46,7.13
