Year,Company,Region,Service_Type,Revenue,Operating_Cost,Profit,Subscribers_Millions,Churn_Rate,ARPU,Market_Share_%,EBITDA_Margin_%,Revenue_Growth_%,Subscriber_Growth_%,Monthly_ARPU,Annual_ARPU
2016,Telecom_A,North,Prepaid,464.54,327.9,136.64,2.205,8.29,17.56,38.5,29.41,0.0,0.0,17.56,210.68
2016,Telecom_A,North,Postpaid,653.46,396.63,256.83,1.804,1.81,30.18,38.5,39.3,0.0,0.0,30.18,362.21
2016,Telecom_A,South,Prepaid,343.09,220.35,122.74,1.984,8.19,14.41,38.5,35.77,0.0,0.0,14.41,172.92
2016,Telecom_A,South,Postpaid,809.96,506.61,303.35,1.623,3.16,41.58,38.5,37.45,0.0,0.0,41.58,498.94
2016,Telecom_A,East,Prepaid,217.1,151.48,65.63,1.699,6.37,10.65,38.5,30.23,0.0,0.0,10.65,127.81
2016,Telecom_A,East,Postpaid,567.84,382.39,185.44,1.39,2.08,34.05,38.5,32.66,0.0,0.0,34.05,408.57
2016,Telecom_A,West,Prepaid,278.93,192.51,86.42,1.999,6.65,11.63,38.5,30.98,0.0,0.0,11.63,139.55
2016,Telecom_A,West,Postpaid,765.19,506.33,258.86,1.635,1.9,38.99,38.5,33.83,0.0,0.0,38.99,467.91
2017,Telecom_A,North,Prepaid,397.03,256.94,140.09,2.287,5.77,14.47,38.5,35.28,6.65,8.89,14.47,173.61
2017,Telecom_A,North,Postpaid,730.06,478.69,251.37,1.871,3.48,32.51,38.5,34.43,6.65,8.89,32.51,390.15
2017,Telecom_A,South,Prepaid,341.22,231.7,109.52,2.155,7.91,13.2,38.5,32.1,6.65,8.89,13.2,158.37
2017,Telecom_A,South,Postpaid,838.74,539.06,299.68,1.763,2.46,39.64,38.5,35.73,6.65,8.89,39.64,475.69
2017,Telecom_A,East,Prepaid,278.43,186.27,92.16,1.916,7.56,12.11,38.5,33.1,6.65,8.89,12.11,145.31
2017,Telecom_A,East,Postpaid,739.54,495.21,244.33,1.567,1.68,39.33,38.5,33.04,6.65,8.89,39.33,471.93
2017,Telecom_A,West,Prepaid,391.86,256.49,135.37,2.222,8.04,14.7,38.5,34.55,6.65,8.89,14.7,176.38
2017,Telecom_A,West,Postpaid,651.98,421.72,230.26,1.818,2.77,29.89,38.5,35.32,6.65,8.89,29.89,358.64
2018,Telecom_A,North,Prepaid,414.75,282.81,131.94,2.569,9.0,13.46,38.5,31.81,8.01,7.24,13.46,161.47
2018,Telecom_A,North,Postpaid,948.16,590.28,357.88,2.102,2.02,37.59,38.5,37.74,8.01,7.24,37.59,451.1
2018,Telecom_A,South,Prepaid,303.49,219.04,84.45,2.18,7.99,11.6,38.5,27.83,8.01,7.24,11.6,139.23
2018,Telecom_A,South,Postpaid,838.25,565.31,272.94,1.783,1.86,39.17,38.5,32.56,8.01,7.24,39.17,470.08
2018,Telecom_A,East,Prepaid,342.33,230.2,112.13,2.056,5.39,13.88,38.5,32.75,8.01,7.24,13.88,166.53
2018,Telecom_A,East,Postpaid,704.99,442.27,262.72,1.682,1.83,34.93,38.5,37.27,8.01,7.24,34.93,419.12
2018,Telecom_A,West,Prepaid,368.5,236.4,132.1,2.44,7.2,12.59,38.5,35.85,8.01,7.24,12.59,151.05
2018,Telecom_A,West,Postpaid,851.69,573.08,278.61,1.996,2.23,35.55,38.5,32.71,8.01,7.24,35.55,426.62
2019,Telecom_A,North,Prepaid,540.64,364.53,176.11,2.83,8.44,15.92,38.5,32.57,11.08,6.86,15.92,191.07
2019,Telecom_A,North,Postpaid,1073.49,701.32,372.17,2.316,2.5,38.63,38.5,34.67,11.08,6.86,38.63,463.53
2019,Telecom_A,South,Prepaid,380.05,263.3,116.75,2.359,7.66,13.43,38.5,30.72,11.08,6.86,13.43,161.12
2019,Telecom_A,South,Postpaid,906.94,570.62,336.32,1.93,3.03,39.16,38.5,37.08,11.08,6.86,39.16,469.89
2019,Telecom_A,East,Prepaid,321.75,229.43,92.32,2.259,5.77,11.87,38.5,28.69,11.08,6.86,11.87,142.44
2019,Telecom_A,East,Postpaid,746.59,500.41,246.18,1.848,2.77,33.66,38.5,32.97,11.08,6.86,33.66,403.95
2019,Telecom_A,West,Prepaid,470.97,329.84,141.13,2.502,7.99,15.69,38.5,29.97,11.08,6.86,15.69,188.25
2019,Telecom_A,West,Postpaid,890.31,563.81,326.5,2.047,2.21,36.24,38.5,36.67,11.08,6.86,36.24,434.9
2020,Telecom_A,North,Prepaid,545.92,382.72,163.2,2.946,8.71,15.44,38.5,29.9,6.72,7.31,15.44,185.3
2020,Telecom_A,North,Postpaid,1140.76,739.05,401.71,2.41,1.88,39.45,38.5,35.21,6.72,7.31,39.45,473.37
2020,Telecom_A,South,Prepaid,414.51,280.97,133.54,2.569,8.44,13.45,38.5,32.22,6.72,7.31,13.45,161.35
2020,Telecom_A,South,Postpaid,948.16,616.49,331.67,2.102,1.96,37.59,38.5,34.98,6.72,7.31,37.59,451.05
2020,Telecom_A,East,Prepaid,342.33,230.2,112.13,2.404,6.23,11.87,38.5,32.75,6.72,7.31,11.87,142.4
2020,Telecom_A,East,Postpaid,849.52,560.85,288.67,1.967,2.1,35.99,38.5,33.98,6.72,7.31,35.99,431.86
2020,Telecom_A,West,Prepaid,489.15,336.56,152.59,2.739,7.5,14.88,38.5,31.2,6.72,7.31,14.88,178.6
2020,Telecom_A,West,Postpaid,998.43,628.21,370.22,2.241,2.34,37.13,38.5,37.08,6.72,7.31,37.13,445.54
2021,Telecom_A,North,Prepaid,615.19,410.99,204.2,3.155,8.12,16.25,38.5,33.19,8.95,6.43,16.25,195.0
2021,Telecom_A,North,Postpaid,1273.49,795.93,477.56,2.581,1.95,41.12,38.5,37.5,8.95,6.43,41.12,493.45
2021,Telecom_A,South,Prepaid,468.22,312.77,155.45,2.716,7.85,14.37,38.5,33.2,8.95,6.43,14.37,172.41
2021,Telecom_A,South,Postpaid,1035.78,662.9,372.88,2.222,2.41,38.85,38.5,36.0,8.95,6.43,38.85,466.19
2021,Telecom_A,East,Prepaid,391.12,269.87,121.25,2.544,6.41,12.81,38.5,31.0,8.95,6.43,12.81,153.76
2021,Telecom_A,East,Postpaid,918.44,615.35,303.09,2.081,2.01,36.78,38.5,33.0,8.95,6.43,36.78,441.34
2021,Telecom_A,West,Prepaid,529.84,365.59,164.25,2.902,7.12,15.22,38.5,31.0,8.95,6.43,15.22,182.6
2021,Telecom_A,West,Postpaid,1085.34,694.62,390.72,2.374,2.15,38.12,38.5,36.0,8.95,6.43,38.12,457.17
2022,Telecom_A,North,Prepaid,678.92,454.88,224.04,3.375,7.95,16.76,38.5,33.0,7.85,7.12,16.76,201.17
2022,Telecom_A,North,Postpaid,1382.41,857.09,525.32,2.761,1.82,41.72,38.5,38.0,7.85,7.12,41.72,500.67
2022,Telecom_A,South,Prepaid,512.44,343.33,169.11,2.905,8.02,14.7,38.5,33.0,7.85,7.12,14.7,176.4
2022,Telecom_A,South,Postpaid,1124.95,708.72,416.23,2.377,2.18,39.43,38.5,37.0,7.85,7.12,39.43,473.26
2022,Telecom_A,East,Prepaid,428.19,291.17,137.02,2.721,6.15,13.11,38.5,32.0,7.85,7.12,13.11,157.38
2022,Telecom_A,East,Postpaid,998.71,659.15,339.56,2.226,1.91,37.4,38.5,34.0,7.85,7.12,37.4,448.65
2022,Telecom_A,West,Prepaid,582.11,395.83,186.28,3.104,7.45,15.63,38.5,32.0,7.85,7.12,15.63,187.53
2022,Telecom_A,West,Postpaid,1184.23,746.06,438.17,2.539,2.05,38.87,38.5,37.0,7.85,7.12,38.87,466.42
2016,Telecom_B,North,Prepaid,612.35,428.65,183.7,3.276,7.85,15.58,34.0,30.0,0.0,0.0,15.58,186.92
2016,Telecom_B,North,Postpaid,741.22,481.79,259.43,1.764,2.34,35.02,34.0,35.0,0.0,0.0,35.02,420.19
2016,Telecom_B,South,Prepaid,524.89,372.67,152.22,2.808,8.12,15.58,34.0,29.0,0.0,0.0,15.58,186.93
2016,Telecom_B,South,Postpaid,635.33,419.32,216.01,1.512,2.55,35.02,34.0,34.0,0.0,0.0,35.02,420.19
2016,Telecom_B,East,Prepaid,481.15,346.43,134.72,2.574,8.45,15.58,34.0,28.0,0.0,0.0,15.58,186.93
2016,Telecom_B,East,Postpaid,582.39,390.2,192.19,1.386,2.61,35.02,34.0,33.0,0.0,0.0,35.02,420.2
2016,Telecom_B,West,Prepaid,568.61,403.71,164.9,3.042,7.99,15.58,34.0,29.0,0.0,0.0,15.58,186.92
2016,Telecom_B,West,Postpaid,688.28,454.26,234.02,1.638,2.44,35.02,34.0,34.0,0.0,0.0,35.02,420.2
2017,Telecom_B,North,Prepaid,652.88,450.49,202.39,3.44,7.62,15.82,34.0,31.0,5.82,5.01,15.82,189.8
2017,Telecom_B,North,Postpaid,790.31,505.8,284.51,1.852,2.21,35.56,34.0,36.0,5.82,5.01,35.56,426.73
2017,Telecom_B,South,Prepaid,559.61,391.73,167.88,2.948,7.95,15.82,34.0,30.0,5.82,5.01,15.82,189.82
2017,Telecom_B,South,Postpaid,677.4,440.31,237.09,1.588,2.42,35.56,34.0,35.0,5.82,5.01,35.56,426.58
2017,Telecom_B,East,Prepaid,512.98,364.22,148.76,2.703,8.21,15.82,34.0,29.0,5.82,5.01,15.82,189.78
2017,Telecom_B,East,Postpaid,620.92,409.81,211.11,1.455,2.52,35.56,34.0,34.0,5.82,5.01,35.56,426.75
2017,Telecom_B,West,Prepaid,606.22,424.35,181.87,3.194,7.74,15.82,34.0,30.0,5.82,5.01,15.82,189.8
2017,Telecom_B,West,Postpaid,733.82,477.0,256.82,1.72,2.35,35.56,34.0,35.0,5.82,5.01,35.56,426.64
2018,Telecom_B,North,Prepaid,696.25,473.45,222.8,3.612,7.45,16.06,34.0,32.0,6.15,5.22,16.06,192.76
2018,Telecom_B,North,Postpaid,842.85,531.0,311.85,1.945,2.15,36.1,34.0,37.0,6.15,5.22,36.1,433.34
2018,Telecom_B,South,Prepaid,596.79,411.79,185.0,3.096,7.8,16.06,34.0,31.0,6.15,5.22,16.06,192.76
2018,Telecom_B,South,Postpaid,722.44,462.36,260.08,1.667,2.32,36.1,34.0,36.0,6.15,5.22,36.1,433.38
2018,Telecom_B,East,Prepaid,547.05,382.94,164.11,2.838,8.05,16.06,34.0,30.0,6.15,5.22,16.06,192.76
2018,Telecom_B,East,Postpaid,662.24,430.46,231.78,1.528,2.44,36.1,34.0,35.0,6.15,5.22,36.1,433.4
2018,Telecom_B,West,Prepaid,646.52,446.1,200.42,3.354,7.6,16.06,34.0,31.0,6.15,5.22,16.06,192.76
2018,Telecom_B,West,Postpaid,782.63,500.88,281.75,1.806,2.28,36.1,34.0,36.0,6.15,5.22,36.1,433.35
2019,Telecom_B,North,Prepaid,742.61,497.55,245.06,3.793,7.28,16.32,34.0,33.0,6.44,5.11,16.32,195.78
2019,Telecom_B,North,Postpaid,899.03,557.4,341.63,2.042,2.08,36.68,34.0,38.0,6.44,5.11,36.68,440.27
2019,Telecom_B,South,Prepaid,636.52,432.83,203.69,3.251,7.62,16.32,34.0,32.0,6.44,5.11,16.32,195.79
2019,Telecom_B,South,Postpaid,770.6,485.48,285.12,1.751,2.25,36.68,34.0,37.0,6.44,5.11,36.68,440.09
2019,Telecom_B,East,Prepaid,583.47,402.6,180.87,2.98,7.91,16.32,34.0,31.0,6.44,5.11,16.32,195.8
2019,Telecom_B,East,Postpaid,706.37,452.08,254.29,1.605,2.36,36.68,34.0,36.0,6.44,5.11,36.68,440.11
2019,Telecom_B,West,Prepaid,689.58,468.91,220.67,3.522,7.45,16.32,34.0,32.0,6.44,5.11,16.32,195.8
2019,Telecom_B,West,Postpaid,834.77,525.91,308.86,1.896,2.2,36.68,34.0,37.0,6.44,5.11,36.68,440.28
2020,Telecom_B,North,Prepaid,792.21,522.86,269.35,3.983,7.15,16.57,34.0,34.0,6.51,4.98,16.57,198.9
2020,Telecom_B,North,Postpaid,959.08,585.04,374.04,2.144,1.99,37.28,34.0,39.0,6.51,4.98,37.28,447.33
2020,Telecom_B,South,Prepaid,679.04,454.96,224.08,3.414,7.48,16.57,34.0,33.0,6.51,4.98,16.57,198.9
2020,Telecom_B,South,Postpaid,822.07,509.68,312.39,1.838,2.18,37.28,34.0,38.0,6.51,4.98,37.28,447.26
2020,Telecom_B,East,Prepaid,622.45,423.27,199.18,3.129,7.75,16.57,34.0,32.0,6.51,4.98,16.57,198.93
2020,Telecom_B,East,Postpaid,753.56,474.74,278.82,1.685,2.28,37.28,34.0,37.0,6.51,4.98,37.28,447.22
2020,Telecom_B,West,Prepaid,735.62,492.87,242.75,3.698,7.3,16.57,34.0,33.0,6.51,4.98,16.57,198.92
2020,Telecom_B,West,Postpaid,890.57,552.15,338.42,1.991,2.12,37.28,34.0,38.0,6.51,4.98,37.28,447.3
2021,Telecom_B,North,Prepaid,845.24,549.41,295.83,4.182,6.98,16.84,34.0,35.0,6.72,5.15,16.84,202.11
2021,Telecom_B,North,Postpaid,1023.28,613.97,409.31,2.251,1.92,37.88,34.0,40.0,6.72,5.15,37.88,454.59
2021,Telecom_B,South,Prepaid,724.49,478.16,246.33,3.585,7.31,16.84,34.0,34.0,6.72,5.15,16.84,202.09
2021,Telecom_B,South,Postpaid,877.1,535.03,342.07,1.93,2.1,37.88,34.0,39.0,6.72,5.15,37.88,454.46
2021,Telecom_B,East,Prepaid,664.12,444.96,219.16,3.286,7.6,16.84,34.0,33.0,6.72,5.15,16.84,202.11
2021,Telecom_B,East,Postpaid,804.0,498.48,305.52,1.769,2.2,37.88,34.0,38.0,6.72,5.15,37.88,454.5
2021,Telecom_B,West,Prepaid,784.87,518.01,266.86,3.883,7.15,16.84,34.0,34.0,6.72,5.15,16.84,202.13
2021,Telecom_B,West,Postpaid,950.19,579.62,370.57,2.09,2.05,37.88,34.0,39.0,6.72,5.15,37.88,454.64
2022,Telecom_B,North,Prepaid,901.88,577.2,324.68,4.391,6.85,17.11,34.0,36.0,6.82,5.08,17.11,205.39
2022,Telecom_B,North,Postpaid,1091.84,644.19,447.65,2.364,1.85,38.49,34.0,41.0,6.82,5.08,38.49,461.86
2022,Telecom_B,South,Prepaid,773.03,502.47,270.56,3.764,7.18,17.11,34.0,35.0,6.82,5.08,17.11,205.37
2022,Telecom_B,South,Postpaid,935.86,561.52,374.34,2.026,2.02,38.49,34.0,40.0,6.82,5.08,38.49,461.92
2022,Telecom_B,East,Prepaid,708.62,467.69,240.93,3.45,7.45,17.11,34.0,34.0,6.82,5.08,17.11,205.4
2022,Telecom_B,East,Postpaid,857.87,523.3,334.57,1.857,2.12,38.49,34.0,39.0,6.82,5.08,38.49,462.0
2022,Telecom_B,West,Prepaid,837.45,544.34,293.11,4.077,7.02,17.11,34.0,35.0,6.82,5.08,17.11,205.41
2022,Telecom_B,West,Postpaid,1013.85,608.31,405.54,2.195,1.98,38.49,34.0,40.0,6.82,5.08,38.49,461.89
2016,Telecom_C,North,Prepaid,342.72,253.61,89.11,2.352,9.12,12.14,27.5,26.0,0.0,0.0,12.14,145.71
2016,Telecom_C,North,Postpaid,373.97,250.56,123.41,1.008,3.15,30.92,27.5,33.0,0.0,0.0,30.92,371.0
2016,Telecom_C,South,Prepaid,293.76,220.32,73.44,2.016,9.45,12.14,27.5,25.0,0.0,0.0,12.14,145.71
2016,Telecom_C,South,Postpaid,320.55,217.97,102.58,0.864,3.35,30.92,27.5,32.0,0.0,0.0,30.92,371.01
2016,Telecom_C,East,Prepaid,269.28,204.65,64.63,1.848,9.8,12.14,27.5,24.0,0.0,0.0,12.14,145.71
2016,Telecom_C,East,Postpaid,293.83,202.74,91.09,0.792,3.5,30.92,27.5,31.0,0.0,0.0,30.92,370.99
2016,Telecom_C,West,Prepaid,318.24,238.68,79.56,2.184,9.25,12.14,27.5,25.0,0.0,0.0,12.14,145.71
2016,Telecom_C,West,Postpaid,347.26,236.14,111.12,0.936,3.25,30.92,27.5,32.0,0.0,0.0,30.92,371.0
2017,Telecom_C,North,Prepaid,376.99,271.43,105.56,2.54,8.85,12.37,27.5,28.0,9.98,8.02,12.37,148.42
2017,Telecom_C,North,Postpaid,411.37,267.39,143.98,1.089,2.98,31.48,27.5,35.0,9.98,8.02,31.48,377.75
2017,Telecom_C,South,Prepaid,323.14,235.89,87.25,2.177,9.15,12.37,27.5,27.0,9.98,8.02,12.37,148.43
2017,Telecom_C,South,Postpaid,352.6,232.72,119.88,0.933,3.18,31.48,27.5,34.0,9.98,8.02,31.48,377.92
2017,Telecom_C,East,Prepaid,296.21,219.2,77.01,1.996,9.5,12.37,27.5,26.0,9.98,8.02,12.37,148.4
2017,Telecom_C,East,Postpaid,323.22,216.56,106.66,0.855,3.32,31.48,27.5,33.0,9.98,8.02,31.48,378.04
2017,Telecom_C,West,Prepaid,350.07,255.55,94.52,2.359,8.98,12.37,27.5,27.0,9.98,8.02,12.37,148.4
2017,Telecom_C,West,Postpaid,382.0,252.12,129.88,1.011,3.08,31.48,27.5,34.0,9.98,8.02,31.48,377.84
2018,Telecom_C,North,Prepaid,414.69,286.14,128.55,2.743,8.55,12.6,27.5,31.0,10.25,8.12,12.6,151.18
2018,Telecom_C,North,Postpaid,452.51,280.56,171.95,1.176,2.82,32.06,27.5,38.0,10.25,8.12,32.06,384.79
2018,Telecom_C,South,Prepaid,355.45,248.82,106.63,2.351,8.85,12.6,27.5,30.0,10.25,8.12,12.6,151.19
2018,Telecom_C,South,Postpaid,387.87,244.36,143.51,1.008,3.02,32.06,27.5,37.0,10.25,8.12,32.06,384.79
2018,Telecom_C,East,Prepaid,325.83,231.34,94.49,2.155,9.2,12.6,27.5,29.0,10.25,8.12,12.6,151.2
2018,Telecom_C,East,Postpaid,355.54,227.55,127.99,0.924,3.15,32.06,27.5,36.0,10.25,8.12,32.06,384.78
2018,Telecom_C,West,Prepaid,385.07,269.55,115.52,2.547,8.68,12.6,27.5,30.0,10.25,8.12,12.6,151.19
2018,Telecom_C,West,Postpaid,420.19,264.72,155.47,1.092,2.92,32.06,27.5,37.0,10.25,8.12,32.06,384.79
2019,Telecom_C,North,Prepaid,456.16,301.07,155.09,2.963,8.25,12.83,27.5,34.0,10.12,7.98,12.83,153.95
2019,Telecom_C,North,Postpaid,497.76,293.68,204.08,1.27,2.68,32.66,27.5,41.0,10.12,7.98,32.66,391.94
2019,Telecom_C,South,Prepaid,391.0,261.97,129.03,2.539,8.55,12.83,27.5,33.0,10.12,7.98,12.83,153.99
2019,Telecom_C,South,Postpaid,426.65,255.99,170.66,1.089,2.88,32.66,27.5,40.0,10.12,7.98,32.66,391.78
2019,Telecom_C,East,Prepaid,358.41,243.72,114.69,2.328,8.9,12.83,27.5,32.0,10.12,7.98,12.83,153.95
2019,Telecom_C,East,Postpaid,391.09,238.56,152.53,0.998,3.0,32.66,27.5,39.0,10.12,7.98,32.66,391.87
2019,Telecom_C,West,Prepaid,423.58,283.8,139.78,2.751,8.38,12.83,27.5,33.0,10.12,7.98,12.83,153.97
2019,Telecom_C,West,Postpaid,462.21,277.33,184.88,1.179,2.78,32.66,27.5,40.0,10.12,7.98,32.66,392.04
2020,Telecom_C,North,Prepaid,501.78,321.14,180.64,3.199,8.02,13.07,27.5,36.0,10.25,8.05,13.07,156.86
2020,Telecom_C,North,Postpaid,547.53,312.09,235.44,1.371,2.55,33.28,27.5,43.0,10.25,8.05,33.28,399.37
2020,Telecom_C,South,Prepaid,430.1,279.57,150.53,2.742,8.32,13.07,27.5,35.0,10.25,8.05,13.07,156.86
2020,Telecom_C,South,Postpaid,469.31,272.2,197.11,1.175,2.75,33.28,27.5,42.0,10.25,8.05,33.28,399.41
2020,Telecom_C,East,Prepaid,394.26,260.21,134.05,2.513,8.65,13.07,27.5,34.0,10.25,8.05,13.07,156.88
2020,Telecom_C,East,Postpaid,430.2,253.82,176.38,1.077,2.88,33.28,27.5,41.0,10.25,8.05,33.28,399.44
2020,Telecom_C,West,Prepaid,465.94,302.86,163.08,2.971,8.15,13.07,27.5,35.0,10.25,8.05,13.07,156.83
2020,Telecom_C,West,Postpaid,508.43,294.89,213.54,1.273,2.65,33.28,27.5,42.0,10.25,8.05,33.28,399.39
2021,Telecom_C,North,Prepaid,551.96,342.22,209.74,3.456,7.82,13.31,27.5,38.0,10.18,8.03,13.31,159.71
2021,Telecom_C,North,Postpaid,602.29,331.26,271.03,1.481,2.42,33.9,27.5,45.0,10.18,8.03,33.9,406.68
2021,Telecom_C,South,Prepaid,473.11,298.06,175.05,2.962,8.12,13.31,27.5,37.0,10.18,8.03,13.31,159.73
2021,Telecom_C,South,Postpaid,516.25,289.1,227.15,1.269,2.62,33.9,27.5,44.0,10.18,8.03,33.9,406.82
2021,Telecom_C,East,Prepaid,433.68,277.56,156.12,2.715,8.45,13.31,27.5,36.0,10.18,8.03,13.31,159.73
2021,Telecom_C,East,Postpaid,473.23,269.74,203.49,1.164,2.75,33.9,27.5,43.0,10.18,8.03,33.9,406.55
2021,Telecom_C,West,Prepaid,512.53,322.9,189.63,3.209,7.95,13.31,27.5,37.0,10.18,8.03,13.31,159.72
2021,Telecom_C,West,Postpaid,559.27,313.19,246.08,1.375,2.52,33.9,27.5,44.0,10.18,8.03,33.9,406.74
2022,Telecom_C,North,Prepaid,607.15,364.29,242.86,3.732,7.65,13.55,27.5,40.0,10.22,8.01,13.55,162.69
2022,Telecom_C,North,Postpaid,662.52,351.14,311.38,1.6,2.3,34.52,27.5,47.0,10.22,8.01,34.52,414.07
2022,Telecom_C,South,Prepaid,520.42,317.46,202.96,3.199,7.95,13.55,27.5,39.0,10.22,8.01,13.55,162.68
2022,Telecom_C,South,Postpaid,567.87,306.65,261.22,1.371,2.5,34.52,27.5,46.0,10.22,8.01,34.52,414.2
2022,Telecom_C,East,Prepaid,477.05,295.77,181.28,2.932,8.25,13.55,27.5,38.0,10.22,8.01,13.55,162.7
2022,Telecom_C,East,Postpaid,520.55,286.3,234.25,1.257,2.62,34.52,27.5,45.0,10.22,8.01,34.52,414.12
2022,Telecom_C,West,Prepaid,563.79,343.91,219.88,3.466,7.78,13.55,27.5,39.0,10.22,8.01,13.55,162.66
2022,Telecom_C,West,Postpaid,615.19,332.2,282.99,1.485,2.4,34.52,27.5,46.0,10.22,8.01,34.52,414.27
